<?xml version="1.0" encoding="UTF-8"?>
<schemalist>

  <schema id="org.gnome.shell.extensions.compare"
    path="/org/gnome/shell/extensions/compare/">

    <key type="as" name="open-last-file-in-termianl">
      <default><![CDATA[['<Ctrl>o']]]></default>
      <summary>Open last file in terminal shortcut key</summary>
      <description>
        Open last file in terminal
      </description>
    </key>

    <key name="auto-pop" type="b">
      <default>true</default>
      <summary>Auto pop menu</summary>
    </key>

    <key name="same-clip" type="b">
      <default>false</default>
      <summary>CLIPBOARD act as PRIMARY</summary>
    </key>

    <key name="use-locate" type="b">
      <default>false</default>
      <summary>Strong find file using locate</summary>
    </key>

  </schema>

</schemalist>

